{
  "hash": "8f1b20cb",
  "browserHash": "8fad49a1",
  "optimized": {
    "@angular/common": {
      "src": "../../../../../node_modules/@angular/common/fesm2022/common.mjs",
      "file": "@angular_common.js",
      "fileHash": "70a3861a",
      "needsInterop": false
    },
    "@angular/core": {
      "src": "../../../../../node_modules/@angular/core/fesm2022/core.mjs",
      "file": "@angular_core.js",
      "fileHash": "5d1324fb",
      "needsInterop": false
    },
    "@angular/forms": {
      "src": "../../../../../node_modules/@angular/forms/fesm2022/forms.mjs",
      "file": "@angular_forms.js",
      "fileHash": "864304f8",
      "needsInterop": false
    },
    "@angular/material/button": {
      "src": "../../../../../node_modules/@angular/material/fesm2022/button.mjs",
      "file": "@angular_material_button.js",
      "fileHash": "49b48fa8",
      "needsInterop": false
    },
    "@angular/material/core": {
      "src": "../../../../../node_modules/@angular/material/fesm2022/core.mjs",
      "file": "@angular_material_core.js",
      "fileHash": "6bd61511",
      "needsInterop": false
    },
    "@angular/material/expansion": {
      "src": "../../../../../node_modules/@angular/material/fesm2022/expansion.mjs",
      "file": "@angular_material_expansion.js",
      "fileHash": "0b44854a",
      "needsInterop": false
    },
    "@angular/material/form-field": {
      "src": "../../../../../node_modules/@angular/material/fesm2022/form-field.mjs",
      "file": "@angular_material_form-field.js",
      "fileHash": "27de297c",
      "needsInterop": false
    },
    "@angular/material/input": {
      "src": "../../../../../node_modules/@angular/material/fesm2022/input.mjs",
      "file": "@angular_material_input.js",
      "fileHash": "5e56bbb0",
      "needsInterop": false
    },
    "@angular/material/select": {
      "src": "../../../../../node_modules/@angular/material/fesm2022/select.mjs",
      "file": "@angular_material_select.js",
      "fileHash": "abf94716",
      "needsInterop": false
    },
    "@angular/material/snack-bar": {
      "src": "../../../../../node_modules/@angular/material/fesm2022/snack-bar.mjs",
      "file": "@angular_material_snack-bar.js",
      "fileHash": "e498c0a0",
      "needsInterop": false
    },
    "@angular/material/sort": {
      "src": "../../../../../node_modules/@angular/material/fesm2022/sort.mjs",
      "file": "@angular_material_sort.js",
      "fileHash": "d55cae47",
      "needsInterop": false
    },
    "@angular/material/table": {
      "src": "../../../../../node_modules/@angular/material/fesm2022/table.mjs",
      "file": "@angular_material_table.js",
      "fileHash": "4d3e4090",
      "needsInterop": false
    },
    "@angular/platform-browser": {
      "src": "../../../../../node_modules/@angular/platform-browser/fesm2022/platform-browser.mjs",
      "file": "@angular_platform-browser.js",
      "fileHash": "03fb5496",
      "needsInterop": false
    },
    "@angular/platform-browser/animations": {
      "src": "../../../../../node_modules/@angular/platform-browser/fesm2022/animations.mjs",
      "file": "@angular_platform-browser_animations.js",
      "fileHash": "affa642b",
      "needsInterop": false
    },
    "@angular/router": {
      "src": "../../../../../node_modules/@angular/router/fesm2022/router.mjs",
      "file": "@angular_router.js",
      "fileHash": "02d1eb67",
      "needsInterop": false
    },
    "rxjs": {
      "src": "../../../../../node_modules/rxjs/dist/esm5/index.js",
      "file": "rxjs.js",
      "fileHash": "7c67f482",
      "needsInterop": false
    }
  },
  "chunks": {
    "chunk-UVAF3KND": {
      "file": "chunk-UVAF3KND.js"
    },
    "chunk-QXZV5I22": {
      "file": "chunk-QXZV5I22.js"
    },
    "chunk-JKBWC3DK": {
      "file": "chunk-JKBWC3DK.js"
    },
    "chunk-TCFH6IXY": {
      "file": "chunk-TCFH6IXY.js"
    },
    "chunk-JM5AHOPG": {
      "file": "chunk-JM5AHOPG.js"
    },
    "chunk-5QZUIOYW": {
      "file": "chunk-5QZUIOYW.js"
    },
    "chunk-4NR47EWL": {
      "file": "chunk-4NR47EWL.js"
    },
    "chunk-RDWESCKL": {
      "file": "chunk-RDWESCKL.js"
    },
    "chunk-GBUU6YAG": {
      "file": "chunk-GBUU6YAG.js"
    },
    "chunk-AT3W7VZB": {
      "file": "chunk-AT3W7VZB.js"
    },
    "chunk-LYWEOCCW": {
      "file": "chunk-LYWEOCCW.js"
    },
    "chunk-LY46VLFS": {
      "file": "chunk-LY46VLFS.js"
    },
    "chunk-V4QF72PL": {
      "file": "chunk-V4QF72PL.js"
    }
  }
}