{
  "hash": "1f40a299",
  "browserHash": "36f008bd",
  "optimized": {
    "@angular/common": {
      "src": "../../../../../node_modules/@angular/common/fesm2022/common.mjs",
      "file": "@angular_common.js",
      "fileHash": "2a4b34d9",
      "needsInterop": false
    },
    "@angular/core": {
      "src": "../../../../../node_modules/@angular/core/fesm2022/core.mjs",
      "file": "@angular_core.js",
      "fileHash": "18f3e317",
      "needsInterop": false
    },
    "@angular/material/core": {
      "src": "../../../../../node_modules/@angular/material/fesm2022/core.mjs",
      "file": "@angular_material_core.js",
      "fileHash": "ee11a19c",
      "needsInterop": false
    },
    "@angular/material/expansion": {
      "src": "../../../../../node_modules/@angular/material/fesm2022/expansion.mjs",
      "file": "@angular_material_expansion.js",
      "fileHash": "3f8fd1d5",
      "needsInterop": false
    },
    "@angular/material/form-field": {
      "src": "../../../../../node_modules/@angular/material/fesm2022/form-field.mjs",
      "file": "@angular_material_form-field.js",
      "fileHash": "18bb121c",
      "needsInterop": false
    },
    "@angular/material/input": {
      "src": "../../../../../node_modules/@angular/material/fesm2022/input.mjs",
      "file": "@angular_material_input.js",
      "fileHash": "848f27e9",
      "needsInterop": false
    },
    "@angular/material/select": {
      "src": "../../../../../node_modules/@angular/material/fesm2022/select.mjs",
      "file": "@angular_material_select.js",
      "fileHash": "c570c498",
      "needsInterop": false
    },
    "@angular/material/sort": {
      "src": "../../../../../node_modules/@angular/material/fesm2022/sort.mjs",
      "file": "@angular_material_sort.js",
      "fileHash": "255dd8a9",
      "needsInterop": false
    },
    "@angular/material/table": {
      "src": "../../../../../node_modules/@angular/material/fesm2022/table.mjs",
      "file": "@angular_material_table.js",
      "fileHash": "84d0b7af",
      "needsInterop": false
    },
    "@angular/platform-browser": {
      "src": "../../../../../node_modules/@angular/platform-browser/fesm2022/platform-browser.mjs",
      "file": "@angular_platform-browser.js",
      "fileHash": "c1aec728",
      "needsInterop": false
    },
    "@angular/platform-browser/animations": {
      "src": "../../../../../node_modules/@angular/platform-browser/fesm2022/animations.mjs",
      "file": "@angular_platform-browser_animations.js",
      "fileHash": "3027e44f",
      "needsInterop": false
    },
    "@angular/router": {
      "src": "../../../../../node_modules/@angular/router/fesm2022/router.mjs",
      "file": "@angular_router.js",
      "fileHash": "4746f129",
      "needsInterop": false
    }
  },
  "chunks": {
    "chunk-YFCZNC45": {
      "file": "chunk-YFCZNC45.js"
    },
    "chunk-64UYKPKW": {
      "file": "chunk-64UYKPKW.js"
    },
    "chunk-CEEFIKHJ": {
      "file": "chunk-CEEFIKHJ.js"
    },
    "chunk-V54GIGLK": {
      "file": "chunk-V54GIGLK.js"
    },
    "chunk-7SEY426J": {
      "file": "chunk-7SEY426J.js"
    },
    "chunk-CWNBE3IU": {
      "file": "chunk-CWNBE3IU.js"
    },
    "chunk-SU3DEGER": {
      "file": "chunk-SU3DEGER.js"
    },
    "chunk-465AGRQV": {
      "file": "chunk-465AGRQV.js"
    },
    "chunk-3TYZGHYL": {
      "file": "chunk-3TYZGHYL.js"
    },
    "chunk-DJWN2L6X": {
      "file": "chunk-DJWN2L6X.js"
    }
  }
}